Евгения Владиславовна Бурова;3200;2023-04-12 00:12:02.981522;2023-04-12 00:12:02.981522
аноним;4811;2023-04-12 00:12:02.981557;2023-04-12 00:12:02.981557
аноним;945;2023-04-12 00:12:02.981567;2023-04-12 00:12:02.981567
аноним;4856;2023-04-12 00:12:02.981576;2023-04-12 00:12:02.981576
аноним;1915;2023-04-12 00:12:02.981583;2023-04-12 00:12:02.981583
аноним;4581;2023-04-12 00:12:02.981590;2023-04-12 00:12:02.981590
аноним;3707;2023-04-12 00:12:02.981596;2023-04-12 00:12:02.981596
аноним;3384;2023-04-12 00:12:02.981603;2023-04-12 00:12:02.981603
аноним;3754;2023-04-12 00:12:02.981609;2023-04-12 00:12:02.981609
аноним;3917;2023-04-12 00:12:02.981616;2023-04-12 00:12:02.981616
Давыд Димитриевич Дорофеев;2449;2023-04-12 00:12:02.981681;2023-04-12 00:12:02.981681
аноним;3248;2023-04-12 00:12:02.981690;2023-04-12 00:12:02.981690
аноним;1107;2023-04-12 00:12:02.981697;2023-04-12 00:12:02.981697
аноним;2421;2023-04-12 00:12:02.981704;2023-04-12 00:12:02.981704
аноним;2307;2023-04-12 00:12:02.981710;2023-04-12 00:12:02.981710
аноним;3187;2023-04-12 00:12:02.981717;2023-04-12 00:12:02.981717
аноним;3917;2023-04-12 00:12:02.981723;2023-04-12 00:12:02.981723
аноним;3587;2023-04-12 00:12:02.981730;2023-04-12 00:12:02.981730
аноним;4901;2023-04-12 00:12:02.981737;2023-04-12 00:12:02.981737
аноним;2323;2023-04-12 00:12:02.981744;2023-04-12 00:12:02.981744
Лавр Валерьянович Соболев;4869;2023-04-12 00:12:02.981798;2023-04-12 00:12:02.981798
аноним;1043;2023-04-12 00:12:02.981807;2023-04-12 00:12:02.981807
аноним;4470;2023-04-12 00:12:02.981814;2023-04-12 00:12:02.981814
аноним;4893;2023-04-12 00:12:02.981820;2023-04-12 00:12:02.981820
аноним;3420;2023-04-12 00:12:02.981827;2023-04-12 00:12:02.981827
аноним;4710;2023-04-12 00:12:02.981834;2023-04-12 00:12:02.981834
аноним;4283;2023-04-12 00:12:02.981841;2023-04-12 00:12:02.981841
аноним;3713;2023-04-12 00:12:02.981848;2023-04-12 00:12:02.981848
аноним;1446;2023-04-12 00:12:02.981854;2023-04-12 00:12:02.981854
аноним;4063;2023-04-12 00:12:02.981861;2023-04-12 00:12:02.981861
Гордей Валерианович Емельянов;4668;2023-04-12 00:12:02.981907;2023-04-12 00:12:02.981907
аноним;4597;2023-04-12 00:12:02.981915;2023-04-12 00:12:02.981915
аноним;586;2023-04-12 00:12:02.981922;2023-04-12 00:12:02.981922
аноним;2983;2023-04-12 00:12:02.981932;2023-04-12 00:12:02.981932
аноним;4815;2023-04-12 00:12:02.981939;2023-04-12 00:12:02.981939
аноним;3406;2023-04-12 00:12:02.981946;2023-04-12 00:12:02.981946
аноним;1007;2023-04-12 00:12:02.981953;2023-04-12 00:12:02.981953
аноним;1867;2023-04-12 00:12:02.981959;2023-04-12 00:12:02.981959
аноним;2876;2023-04-12 00:12:02.981966;2023-04-12 00:12:02.981966
аноним;3143;2023-04-12 00:12:02.981973;2023-04-12 00:12:02.981973
Сазонова Лора Кузьминична;2715;2023-04-12 00:12:02.982018;2023-04-12 00:12:02.982018
аноним;1704;2023-04-12 00:12:02.982026;2023-04-12 00:12:02.982026
аноним;1397;2023-04-12 00:12:02.982033;2023-04-12 00:12:02.982033
аноним;606;2023-04-12 00:12:02.982041;2023-04-12 00:12:02.982041
аноним;1743;2023-04-12 00:12:02.982047;2023-04-12 00:12:02.982047
аноним;1549;2023-04-12 00:12:02.982053;2023-04-12 00:12:02.982053
аноним;2208;2023-04-12 00:12:02.982059;2023-04-12 00:12:02.982059
аноним;4307;2023-04-12 00:12:02.982066;2023-04-12 00:12:02.982066
аноним;3740;2023-04-12 00:12:02.982073;2023-04-12 00:12:02.982073
аноним;2988;2023-04-12 00:12:02.982079;2023-04-12 00:12:02.982079
