Вангард (для собак);2023-04-11 21:33:45.027559;2023-04-11 21:33:45.027559
Дюрамун (для собак);2023-04-11 21:33:45.027601;2023-04-11 21:33:45.027601
Биовак (для собак);2023-04-11 21:33:45.027612;2023-04-11 21:33:45.027612
Гексадог (для собак);2023-04-11 21:33:45.027621;2023-04-11 21:33:45.027621
Гискан (для собак);2023-04-11 21:33:45.027630;2023-04-11 21:33:45.027630
Эурикан (для собак);2023-04-11 21:33:45.027639;2023-04-11 21:33:45.027639
Мультикан (для собак);2023-04-11 21:33:45.027648;2023-04-11 21:33:45.027648
Биокан (для собак и кошек);2023-04-11 21:33:45.027656;2023-04-11 21:33:45.027656
Вакдерм (для собак и кошек);2023-04-11 21:33:45.027665;2023-04-11 21:33:45.027665
Нобивак (для собак и кошек);2023-04-11 21:33:45.027674;2023-04-11 21:33:45.027674
Поливак (для собак и кошек);2023-04-11 21:33:45.027682;2023-04-11 21:33:45.027682
Микродерм (для собак и кошек);2023-04-11 21:33:45.027690;2023-04-11 21:33:45.027690
Квадрикат (для кошек);2023-04-11 21:33:45.027698;2023-04-11 21:33:45.027698
Мультифел (для кошек);2023-04-11 21:33:45.027706;2023-04-11 21:33:45.027706
Пуревакс (для кошек);2023-04-11 21:33:45.027715;2023-04-11 21:33:45.027715
Глобфел (для кошек);2023-04-11 21:33:45.027722;2023-04-11 21:33:45.027722
